id,full_name,email,phone,address,signup_date,name,gender,age
1,Kara Kim,kara.kim1924@yahoo.com,+8046817662,"8971 Pine Ave, Greenville, TX 76366",2022-03-13,Elena,Female,60
6,Uma White,uma.white7642@outlook.com,+0000000000,"8610 Main St, Georgetown, FL 58933",2023-10-23,George,Female,42
7, Robert Mendoza ,robert.mendoza4800@mail.com,+8999662474,"9463 Pine Ave, Springfield, NY 56086",2021-02-14,Carlos,Male,60
8,Unknown,jocelyn.gonzalez2832@aol.com,+6364569660,"8527 Maple Dr, Apt 36, Georgetown, TX 33157",2023-11-05,Bob,Female,40
9,Erin Young,erin.young0057@aol.com,+7056589746," 1475 Lakeview Dr, Springfield, IL 13494 ",2023-03-20,Hannah,Female,44
11,Zoey Nelson,zoey.nelson2543@mail.com,+19305585510,"1701 Maple Dr, Apt 30, Franklin, IL 22547",2020-01-01,Alice,Female,32
14,Dave Stewart,dave.stewart4181@hotmail.com,+7485572589,"5469 Oak St, Apt 87, Clinton, IL 77226",2020-10-06,Carlos,Male,61
22, Liam Robinson ,liam.robinson5944@gmail.com,+5949442542,"756 Sunset Blvd, Arlington, CA 53286",2022-01-24,Hannah,Male,23
24, Ulysses Turner ,ulysses.turner4443@aol.com,+8018347411," 1897 Lakeview Dr, Greenville, CA 59241 ",2020-01-01,Elena,Female,54
27,Violet Edwards,violet.edwards4484@outlook.com,+6466502238,"101 Elm St, Arlington, IL 44421",2020-01-01,Diana,Female,46
32, Wendy Nguyen ,wendy.nguyen4936@gmail.com,+18813293285," 7871 Oak St, Georgetown, FL 02615 ",2022-03-21,Hannah,Female,36
36, Jack Reed ,jack.reed1685@gmail.com,+4528189265,,2020-01-01,Alice,Female,42
43, Queen Nelson ,queen.nelson8958@outlook.com,+17672452370,,2022-02-12,Diana,Female,30
45,Unknown,walter.stewart6755@protonmail.com,+4276439282,"9376 Hillcrest Ave, Greenville, IL 92674",2020-05-22,Hannah,Female,23
49,Quentin Campbell,quentin.campbell6665@gmail.com,+8473847540,"9419 Elm St, Clinton, IL 06659",2021-06-22,Elena,Female,29
50,Erin Sanchez,erin.sanchez7744@outlook.com,+3276232524,,2021-03-02,Hannah,Male,56
64, John Brown ,john.brown6727@protonmail.com,+8167341252,"1458 Washington Blvd, Riverside, NY 98303",2021-08-25,Diana,Female,31
66,Unknown,charlie.brown0553@yahoo.com,+7388551674,"9192 Maple Dr, Apt 31, Greenville, TX 29909",2022-12-22,Diana,Female,35
75, Nina Reed ,nina.reed5820@hotmail.com,+3408274579,"6382 Hillcrest Ave, Springfield, NY 82263",2023-10-16,Hannah,Female,39
82,Liam Moore,liam.moore9528@aol.com,+6066222041," 9954 Washington Blvd, Apt 94, Riverside, NY 61287 ",2023-06-12,Frank,Male,22
83,Noah Cox,noah.cox8920@protonmail.com,+7723387470,"842 Pine Ave, Fairview, FL 85147",2022-09-17,Hannah,Male,46
85,Unknown,quinn.nelson5966@yahoo.com,+5083628727,"6876 Sunset Blvd, Apt 37, Greenville, CA 55871",2023-06-24,Alice,Female,30
88,Natalie Gutierrez,natalie.gutierrez6363@aol.com,+17754253255,"4130 Pine Ave, Apt 14, Springfield, NY 94202",2022-05-10,George,Female,29
93, Gloria Morris ,gloria.morris3406@protonmail.com,+6475958125,"4814 Main St, Arlington, NY 79620",2021-03-11,Alice,Female,56
95, Yuri Reed ,yuri.reed1814@gmail.com,+6522496501,"8719 Elm St, Franklin, IL 24204",2022-12-05,Alice,Female,54
102, Delilah Patel ,delilah.patel3431@gmail.com,+5135027451," 4535 Main St, Apt 26, Arlington, NY 24754 ",2023-09-07,Bob,Female,30
105,Ulysses Adams,ulysses.adams9878@protonmail.com,+9809206199,"1946 Oak St, Centerville, FL 44198",2021-08-29,George,Female,55
111, Amber King ,amber.king2411@gmail.com,+3246654961," 4612 Hillcrest Ave, Greenville, IL 22770 ",2022-07-09,Carlos,Male,61
113, Zach Nguyen ,zach.nguyen1419@hotmail.com,+8933011309,"7932 Sunset Blvd, Georgetown, FL 22516",2023-12-28,George,Female,48
114, Tina Reed ,tina.reed7360@gmail.com,+6608896216,"3210 Sunset Blvd, Apt 60, Franklin, FL 99169",2020-07-24,George,Female,56
116,Jack Brown,jack.brown0531@mail.com,+2054827687,"6605 Main St, Franklin, IL 72383",2021-09-14,Diana,Female,100
117,Noah Alvarez,noah.alvarez9404@gmail.com,+6086835420,"6454 Lakeview Dr, Centerville, TX 07208",2021-01-07,Bob,Male,58
118,Riley Lewis,riley.lewis5567@outlook.com,+12905891854,"242 Lakeview Dr, Riverside, IL 84072",2020-01-01,George,Female,35
122,Queen Castillo,queen.castillo8359@aol.com,+6406824246,,2020-02-19,Hannah,Female,47
126,Molly Taylor,molly.taylor5863@gmail.com,+6232014783,"1053 Pine Ave, Clinton, TX 68089",2021-08-12,Diana,Female,30
127, Liam Garcia ,liam.garcia2070@mail.com,+2654413386,"4242 Pine Ave, Apt 26, Centerville, NY 74762",2020-01-01,George,Female,36
131, William Mendoza ,william.mendoza6287@gmail.com,+16596209145,"9494 Main St, Clinton, NY 68604",2022-09-16,Hannah,Female,34
136,Nathan Foster,nathan.foster5318@hotmail.com,+14479668727,"4261 Elm St, Greenville, CA 24584",2022-09-04,Hannah,Female,51
144,Xander Turner,xander.turner9981@yahoo.com,+19313804441," 2433 Main St, Riverside, TX 65663 ",2020-12-07,Alice,Female,34
146,Victor Gutierrez,victor.gutierrez1405@mail.com,+4625714046,"3047 Cedar Ln, Arlington, CA 78054",2022-03-24,Alice,Female,28
148,Unknown,edward.howard8553@aol.com,+9195867476,"1563 Elm St, Centerville, CA 16340",2022-08-10,Carlos,Male,49
150, Xander Stewart ,xander.stewart5430@protonmail.com,+8282228068,"8433 Sunset Blvd, Riverside, TX 86181",2020-01-01,Alice,Female,63
152,Henry Cook,henry.cook0662@gmail.com,+8016777527,"8385 Main St, Fairview, FL 15318",2023-02-27,Elena,Female,49
155, Peter Clark ,peter.clark3111@hotmail.com,+6279763250,"3458 Hillcrest Ave, Madison, TX 25484",2020-01-01,Bob,Male,51
168,Diana Garcia,diana.garcia4318@yahoo.com,+3919308636,"5084 Hillcrest Ave, Georgetown, NY 03176",2020-01-01,Bob,Male,29
173,Jacob Cook,jacob.cook6188@yahoo.com,+4902794672,"7439 Cedar Ln, Apt 50, Arlington, NY 69934",2021-09-19,Alice,Female,63
174,Edward Morris,edward.morris8138@hotmail.com,+7887794730,,2020-03-25,Hannah,Male,45
180,Nina Morgan,nina.morgan7085@aol.com,+4423581706,"8009 Lakeview Dr, Madison, CA 82816",2021-05-08,Frank,Female,33
181, Connor Evans ,connor.evans2284@aol.com,+9992825682," 2976 Sunset Blvd, Greenville, TX 92934 ",2021-06-17,Hannah,Male,60
187, Victor Patel ,victor.patel3446@aol.com,+14274809097," 4526 Elm St, Springfield, TX 89476 ",2021-01-09,Frank,Female,23
188, Penelope Edwards ,penelope.edwards3532@mail.com,+8215791394," 7966 Sunset Blvd, Centerville, TX 71243 ",2022-10-09,Frank,Male,49
190,Alice Roberts,alice.roberts4282@protonmail.com,+9212265125,"2015 Elm St, Riverside, TX 06336",2022-12-22,Elena,Female,58
193,Henry Cooper,henry.cooper0206@yahoo.com,+13233867303," 8054 Hillcrest Ave, Apt 11, Springfield, FL 91021 ",2023-07-25,George,Female,22
200,Gloria Turner,gloria.turner6343@aol.com,+14237596942,"2107 Main St, Fairview, FL 69527",2021-12-22,Elena,Female,25
202, Gavin Johnson ,gavin.johnson2677@yahoo.com,+2992701615,"854 Oak St, Madison, FL 08125",2023-11-14,Diana,Female,38
204, William Gutierrez ,william.gutierrez2482@gmail.com,+3955183332,"1091 Lakeview Dr, Clinton, NY 40831",2020-01-01,Bob,Male,45
206,Quinn Brown,quinn.brown9900@gmail.com,+2765761621,"9329 Cedar Ln, Springfield, FL 11117",2020-01-01,Elena,Female,55
209,Isabel Patel,isabel.patel3553@yahoo.com,+6474559272,"6404 Cedar Ln, Apt 84, Centerville, NY 72705",2021-11-21,Diana,Female,32
211, Stella Perez ,stella.perez9432@outlook.com,+19406903588,"6029 Oak St, Arlington, NY 28452",2021-04-15,Alice,Male,54
212,Grace Smith,grace.smith7061@outlook.com,+3467539178,"4740 Washington Blvd, Centerville, FL 95400",2023-08-24,George,Female,30
214,Grace Price,grace.price7789@protonmail.com,+8256183424,"7803 Main St, Apt 14, Clinton, IL 12211",2020-01-01,Frank,Female,37
220,Hank Allen,hank.allen7679@mail.com,+4389709296,"7221 Sunset Blvd, Centerville, TX 04408",2021-09-29,Hannah,Female,47
225,Peter Wright,peter.wright1970@aol.com,+6858332243," 3228 Oak St, Georgetown, IL 53000 ",2022-06-08,Bob,Male,28
240,Jacob Gonzalez,jacob.gonzalez3311@hotmail.com,+15839493203,"4199 Maple Dr, Riverside, TX 41835",2022-03-25,Hannah,Female,56
241,Ray Roberts,ray.roberts0657@aol.com,+9888058433,"8611 Sunset Blvd, Riverside, CA 70948",2021-11-24,George,Female,28
242, George Long ,george.long1914@outlook.com,+9779186178,"1899 Oak St, Greenville, CA 99827",2023-06-21,Carlos,Male,37
249, Jack Evans ,jack.evans8943@aol.com,+3753332577,"3830 Maple Dr, Greenville, NY 22931",2021-05-08,George,Female,53
250,Paul Lee,paul.lee8086@aol.com,+5276938686,"4264 Elm St, Centerville, FL 50602",2021-05-23,Alice,Female,30
254,Ivy Green,ivy.green4163@protonmail.com,+15395681234," 7522 Washington Blvd, Apt 51, Greenville, FL 37616 ",2020-12-01,Alice,Female,37
259,William Edwards,william.edwards1155@protonmail.com,+17343197715,"2888 Oak St, Apt 52, Centerville, CA 43517",2023-10-24,George,Female,45
261,Henry Hernandez,henry.hernandez1607@mail.com,+14815663124,"8074 Maple Dr, Apt 94, Riverside, IL 28757",2022-05-29,Bob,Female,29
263,Kevin Gutierrez,kevin.gutierrez0226@outlook.com,+7734454458," 116 Sunset Blvd, Apt 80, Riverside, CA 44795 ",2021-01-13,Alice,Female,59
268, Sara Edwards ,sara.edwards6267@outlook.com,+9423261048,,2023-10-18,Bob,Female,56
276,Caleb Martinez,caleb.martinez3619@yahoo.com,+16989427953,"868 Main St, Apt 39, Centerville, FL 03110",2023-11-28,Elena,Female,62
278, Bob Morales ,bob.morales1668@mail.com,+7188351231," 7497 Washington Blvd, Apt 29, Greenville, TX 72267 ",2020-01-01,Bob,Female,54
287, Edward Walker ,edward.walker0959@hotmail.com,+18539664017,"8058 Main St, Greenville, CA 44108",2021-11-06,George,Female,38
294,Holly Williams,holly.williams3105@gmail.com,+6234147787,"9648 Elm St, Georgetown, TX 26529",2022-07-24,Bob,Male,59
300,Bob Reed,bob.reed3104@gmail.com,+7705118273,"8742 Hillcrest Ave, Apt 59, Madison, FL 59803",2023-08-13,Frank,Female,51
302,Fiona Castillo,fiona.castillo4189@yahoo.com,+9983529640,"2351 Pine Ave, Greenville, TX 33460",2021-05-29,Diana,Female,49
306,Lauren Adams,lauren.adams4611@yahoo.com,+13642034631,"152 Sunset Blvd, Apt 88, Riverside, CA 56898",2023-12-13,Alice,Female,25
308,Frank Myers,frank.myers8698@aol.com,+3813533514,"8233 Pine Ave, Fairview, CA 08676",2020-01-01,Hannah,Male,38
309,Tyler Patel,tyler.patel7552@aol.com,+6516279825,"3048 Elm St, Centerville, CA 06451",2020-10-31,Carlos,Male,49
317,Ethan Ruiz,ethan.ruiz6117@aol.com,+5564663943,"6409 Pine Ave, Apt 96, Clinton, CA 58384",2022-12-13,George,Female,50
318,Riley Evans,riley.evans8737@outlook.com,+5638758721," 7582 Pine Ave, Riverside, FL 61556 ",2022-08-29,Diana,Female,52
325,Paul Martin,paul.martin7659@outlook.com,+6563161161,"6547 Pine Ave, Apt 69, Greenville, CA 45167",2021-10-16,Frank,Male,24
326,Felix Diaz,felix.diaz0147@yahoo.com,+3286946440,"1783 Main St, Greenville, CA 48855",2023-08-13,Alice,Female,39
342,Marcus Ortiz,marcus.ortiz0965@aol.com,+7303539730,"2819 Cedar Ln, Springfield, IL 20827",2020-10-28,George,Female,61
344,Caleb Garcia,caleb.garcia6619@yahoo.com,+18709189795,"1992 Main St, Fairview, FL 31717",2022-02-12,George,Female,30
345,Steven Brooks,steven.brooks9449@aol.com,+5128328060,"5533 Maple Dr, Franklin, IL 38888",2023-02-02,Hannah,Female,64
347,Quincy Scott,quincy.scott1870@aol.com,+9788814047,"1464 Washington Blvd, Madison, IL 21431",2020-11-15,Carlos,Male,50
351, Logan Williams ,logan.williams7256@yahoo.com,+5378538403,"6637 Sunset Blvd, Apt 45, Fairview, IL 95433",2020-05-06,Carlos,Male,46
362,Fiona Campbell,fiona.campbell1596@protonmail.com,+8405397503,"3457 Elm St, Centerville, FL 20462",2021-12-14,Bob,Female,44
363,Vanessa Martin,vanessa.martin9494@yahoo.com,+8866442849,"3660 Oak St, Fairview, TX 92042",2020-01-02,Bob,Male,36
364,Robert Bailey,robert.bailey0683@gmail.com,+4492484345,"6785 Pine Ave, Apt 62, Greenville, CA 85206",2021-12-29,Hannah,Female,49
365,Quinn Brown,quinn.brown8882@aol.com,+3009634571,,2022-04-29,Bob,Female,55
368, Fiona Williams ,fiona.williams6277@mail.com,+5845779259," 1805 Oak St, Apt 80, Arlington, CA 34026 ",2022-02-12,Bob,Male,44
372,Owen Rivera,owen.rivera8258@mail.com,+7228572341,"2882 Hillcrest Ave, Georgetown, TX 72754",2022-03-09,Bob,Male,43
374,Edward Ramirez,edward.ramirez3553@yahoo.com,+3888665143,"8042 Washington Blvd, Georgetown, IL 08658",2023-03-12,Frank,Female,27
375, Ray Lopez ,ray.lopez6714@outlook.com,+9425474494," 6419 Main St, Apt 2, Clinton, NY 26862 ",2023-11-28,Alice,Female,36
381,Unknown,ursula.morgan9099@protonmail.com,+17088854379,"3143 Cedar Ln, Apt 43, Madison, CA 56472",2022-09-27,Bob,Female,60
382,Robert Foster,robert.foster9538@outlook.com,+19339036819,,2020-01-01,Hannah,Female,25
385, Violet Mitchell ,violet.mitchell1302@outlook.com,+19935171051,"8410 Oak St, Franklin, FL 50855",2020-09-05,Alice,Female,51
389,Stella Reed,stella.reed2269@gmail.com,+3003757472,"9390 Elm St, Fairview, IL 28056",2020-04-18,Elena,Female,34
399,Bob Nguyen,bob.nguyen7234@outlook.com,+8824057499,"8436 Main St, Franklin, TX 79589",2020-01-01,Alice,Female,44
403, Natalie Edwards ,natalie.edwards6533@gmail.com,+12828256363," 6398 Maple Dr, Apt 11, Franklin, CA 84792 ",2020-01-01,George,Female,22
406,Frank Flores,frank.flores5512@hotmail.com,+8397077961,"9652 Elm St, Fairview, NY 08880",2020-03-09,Elena,Female,46
408, Molly Robinson ,molly.robinson5001@aol.com,+9375172957,"8977 Sunset Blvd, Georgetown, FL 34636",2020-01-01,Bob,Female,22
415,Tina Flores,tina.flores6118@outlook.com,+13648565351,"9572 Maple Dr, Arlington, TX 69163",2023-01-30,Hannah,Male,33
416,Xena James,xena.james8836@outlook.com,+18044161751,"6108 Lakeview Dr, Apt 15, Clinton, FL 37010",2022-03-15,Carlos,Male,47
421, Sara Kim ,sara.kim7183@protonmail.com,+6783411827,,2020-08-26,Bob,Male,35
422, Steven Hughes ,steven.hughes6769@yahoo.com,+7276287298,,2023-08-26,Hannah,Male,49
425, Mia Phillips ,mia.phillips1563@outlook.com,+6052558437,"9246 Oak St, Greenville, CA 05879",2022-01-06,Frank,Male,26
433,Unknown,noah.ross4143@hotmail.com,+12319496077,"204 Maple Dr, Madison, TX 36508",2021-01-30,Diana,Female,54
434, Diana Johnson ,diana.johnson5152@yahoo.com,+3822969298,"2546 Cedar Ln, Fairview, CA 55976",2021-02-20,George,Female,51
438,Jane Smith,jane.smith9088@aol.com,+14509346861,"5072 Elm St, Apt 73, Madison, IL 64763",2020-01-01,Elena,Female,26
441, Natalie Morris ,natalie.morris5263@mail.com,+2295349807,"6430 Pine Ave, Riverside, FL 70955",2020-04-15,Frank,Male,52
444,Uma Smith,uma.smith6548@yahoo.com,+9288946464,"4377 Maple Dr, Arlington, FL 47500",2020-03-23,Alice,Female,53
446,Leo Rivera,leo.rivera1464@gmail.com,+2316839136,"7087 Sunset Blvd, Franklin, NY 08193",2021-01-03,Bob,Male,26
447,Emily Taylor,emily.taylor6125@yahoo.com,+13043777433," 9111 Cedar Ln, Greenville, TX 94380 ",2020-08-10,Carlos,Male,25
449,Kelly Stewart,kelly.stewart4884@hotmail.com,+8523324419,"4096 Sunset Blvd, Apt 28, Georgetown, CA 91665",2023-11-05,Elena,Female,45
452,Unknown,quentin.ramirez7039@protonmail.com,+2795841951,"952 Oak St, Greenville, NY 78494",2021-05-24,Hannah,Male,100
453, Noah Garcia ,noah.garcia1031@mail.com,+6068405327,"119 Elm St, Clinton, FL 43761",2021-12-16,Alice,Female,53
462,Jane Foster,jane.foster5592@gmail.com,+8749965029,"2596 Hillcrest Ave, Clinton, TX 51313",2021-11-11,Alice,Female,58
463,Gloria Robinson,gloria.robinson3199@aol.com,+6062317054,"2539 Pine Ave, Springfield, NY 22937",2021-03-17,Frank,Male,33
465,Jacob Roberts,jacob.roberts3303@protonmail.com,+6945524151,"4347 Main St, Apt 65, Fairview, CA 96101",2021-06-04,Diana,Female,22
469, Robert Wood ,robert.wood7352@hotmail.com,+8958565475,"323 Washington Blvd, Apt 33, Centerville, FL 56442",2020-08-07,Bob,Male,64
472,Lauren Bennett,lauren.bennett1242@gmail.com,+4418028746,"524 Washington Blvd, Apt 27, Greenville, CA 06178",2022-11-27,Bob,Female,18
475, Quincy Miller ,quincy.miller8095@gmail.com,+3847065231,"4582 Sunset Blvd, Arlington, CA 11080",2020-06-19,Hannah,Female,56
481,Natalie Harris,natalie.harris4829@gmail.com,+6404639947,"9823 Hillcrest Ave, Fairview, CA 81782",2022-03-15,Bob,Male,47
483, Kara Stewart ,kara.stewart5264@hotmail.com,+5219233855," 8742 Cedar Ln, Arlington, FL 21033 ",2022-10-04,George,Female,47
487, Hank Gomez ,hank.gomez5538@gmail.com,+17354425536,"6164 Elm St, Arlington, IL 65102",2020-10-12,George,Female,25
491,Ethan Walker,ethan.walker7818@outlook.com,+17322041276,"1455 Elm St, Arlington, CA 30783",2022-08-26,Elena,Female,46
492,Zoe James,zoe.james5985@hotmail.com,+8869451765," 6332 Sunset Blvd, Riverside, CA 57098 ",2020-01-01,Frank,Male,18
496,Dave Hughes,dave.hughes9205@aol.com,+6253614724,"4679 Main St, Fairview, CA 24959",2023-03-08,George,Female,30
504, Caleb Stewart ,caleb.stewart8640@protonmail.com,+5077875680,"4023 Cedar Ln, Franklin, IL 48202",2022-09-27,Frank,Male,45
508,Beth Clark,beth.clark5055@yahoo.com,+16895423776,"2643 Maple Dr, Apt 5, Riverside, FL 70712",2020-09-13,Carlos,Male,33
509,Owen Lopez,owen.lopez2926@outlook.com,+8928867248,"8982 Cedar Ln, Clinton, NY 15679",2023-01-03,Alice,Female,34
516,Hank Kim,hank.kim3872@outlook.com,+4677082559,"9613 Pine Ave, Georgetown, FL 56568",2022-04-18,Bob,Female,41
521,Ian Peterson,ian.peterson9951@aol.com,+5846785966,,2020-07-23,Carlos,Male,57
522, Isabel Morales ,isabel.morales4022@yahoo.com,+2276678386,"3555 Pine Ave, Arlington, IL 26872",2021-10-28,Diana,Male,33
527,Unknown,vanessa.howard0804@aol.com,+3034894779,"247 Sunset Blvd, Apt 71, Clinton, NY 99842",2023-03-10,Elena,Female,28
528,Delilah Jimenez,delilah.jimenez3104@yahoo.com,+2206981353,"3341 Elm St, Centerville, FL 09224",2022-12-12,Hannah,Female,49
530, Felix Taylor ,felix.taylor5568@mail.com,+15176607202,"7206 Elm St, Madison, NY 75655",2020-04-03,George,Female,52
532,Amber Brown,amber.brown5014@protonmail.com,+14207677467,"4719 Oak St, Arlington, NY 53905",2023-11-28,George,Female,37
535, Liam White ,liam.white3375@aol.com,+5217201427,,2023-01-28,Bob,Male,33
536,Steven Lee,steven.lee5997@gmail.com,+8577177943," 9162 Pine Ave, Springfield, TX 55319 ",2023-09-10,George,Female,46
537,Jasmine Flores,jasmine.flores9339@yahoo.com,+16099058867,"7280 Main St, Greenville, TX 84322",2022-06-22,Bob,Male,42
538,Gavin Davis,gavin.davis5171@hotmail.com,+12682047975," 8580 Hillcrest Ave, Apt 24, Clinton, FL 28931 ",2023-08-23,Elena,Female,57
541,Unknown,yosef.rivera9982@protonmail.com,+8864127816,,2021-12-26,Diana,Female,60
544,Grace Morris,grace.morris2749@protonmail.com,+5509594884,"3163 Pine Ave, Arlington, TX 02707",2020-01-01,Frank,Female,35
545, Caleb Jimenez ,caleb.jimenez3357@hotmail.com,+5017202076," 6511 Sunset Blvd, Fairview, IL 10555 ",2020-01-01,Alice,Female,52
546,Mia Gray,mia.gray8114@outlook.com,+4987121757,"5035 Pine Ave, Georgetown, IL 28179",2021-04-14,Elena,Female,26
555,Ximena Sanders,ximena.sanders0156@protonmail.com,+3348355192,,2020-06-11,Bob,Male,31
559,Amber Richardson,amber.richardson2220@yahoo.com,+12258933119,"5825 Oak St, Apt 40, Clinton, IL 09398",2023-01-30,George,Female,34
568,Zoe Cox,zoe.cox2351@aol.com,+7955479446,"3963 Oak St, Riverside, NY 33707",2020-03-09,Hannah,Female,59
570,Olivia Gonzalez,olivia.gonzalez3541@mail.com,+3732426544," 9222 Lakeview Dr, Apt 88, Greenville, IL 30575 ",2022-11-10,Frank,Male,29
573,Beth Cooper,beth.cooper9392@protonmail.com,+4529769127,"6083 Maple Dr, Georgetown, IL 81769",2020-01-01,Carlos,Male,38
584, Riley Smith ,riley.smith4019@mail.com,+2688841169," 5339 Elm St, Springfield, NY 28238 ",2023-05-13,Carlos,Male,47
587,Jack Morales,jack.morales9287@outlook.com,+13648716204,"3806 Oak St, Franklin, CA 35479",2020-01-12,Elena,Female,24
590,Adrian Hall,adrian.hall7635@outlook.com,+7713891350,"4898 Maple Dr, Apt 48, Riverside, CA 18244",2022-05-25,Frank,Male,41
591,Unknown,paul.martinez4222@outlook.com,+13082539355," 4466 Cedar Ln, Fairview, FL 09920 ",2023-10-10,Elena,Female,49
594,Catherine Adams,catherine.adams6308@gmail.com,+13089583990," 8196 Main St, Apt 77, Georgetown, FL 27812 ",2021-09-14,Bob,Female,60
608,Unknown,violet.lopez1532@protonmail.com,+4093864418,"2081 Sunset Blvd, Arlington, FL 24157",2020-04-17,George,Female,58
612,Amber Hughes,amber.hughes6012@hotmail.com,+4139519072,"6706 Washington Blvd, Apt 20, Franklin, IL 88622",2021-08-25,Alice,Female,41
615,Isaac Ortiz,isaac.ortiz5143@hotmail.com,+9048353960,"2698 Maple Dr, Greenville, FL 43260",2023-06-13,Frank,Female,35
617, Ian Campbell ,ian.campbell6543@aol.com,+2393196405,"5581 Hillcrest Ave, Apt 96, Greenville, TX 56184",2020-01-01,Diana,Female,52
620,Tina Lee,tina.lee4132@yahoo.com,+9653913936,"9147 Elm St, Apt 29, Madison, NY 95170",2021-07-01,Frank,Female,37
625, Dave Campbell ,dave.campbell3996@hotmail.com,+3254823674," 4317 Pine Ave, Georgetown, TX 16012 ",2020-01-01,Hannah,Male,53
633,Yvonne Lewis,yvonne.lewis3527@mail.com,+12913566741,"6057 Main St, Springfield, CA 25535",2020-11-22,Carlos,Male,49
635, Ian Sanchez ,ian.sanchez1086@gmail.com,+8553495292,"8245 Washington Blvd, Fairview, TX 85804",2020-01-01,Elena,Female,47
640, Ophelia Cook ,ophelia.cook8688@protonmail.com,+4202605958,"5335 Hillcrest Ave, Georgetown, CA 74793",2023-03-08,Elena,Female,62
642,Kara Nguyen,kara.nguyen4826@aol.com,+5316254742,"4884 Oak St, Clinton, NY 33265",2023-10-20,Frank,Male,48
643, Sara Thomas ,sara.thomas2602@protonmail.com,+5104313568,,2021-09-28,George,Female,38
646,Erin Gonzalez,erin.gonzalez9585@yahoo.com,+18498657483,"1162 Maple Dr, Fairview, TX 00769",2022-01-21,Diana,Female,41
648,Gloria Bennett,gloria.bennett6676@gmail.com,+12222965666,"2382 Elm St, Apt 69, Centerville, FL 52789",2022-10-05,Hannah,Male,49
655,Dave Chavez,dave.chavez3303@mail.com,+4724918174,"8948 Main St, Greenville, CA 99604",2022-01-14,Frank,Male,46
662,Unknown,victor.hall3598@yahoo.com,+2428277865," 4666 Main St, Clinton, CA 75067 ",2020-01-01,Carlos,Male,39
673, Xander Jackson ,xander.jackson2921@protonmail.com,+8567238271,"860 Hillcrest Ave, Arlington, NY 94778",2020-11-22,George,Female,62
675,Jasmine Morales,jasmine.morales9992@gmail.com,+8388688032,"4066 Washington Blvd, Apt 49, Riverside, CA 13833",2023-08-06,Hannah,Male,22
676, Ophelia Murphy ,ophelia.murphy7034@yahoo.com,+5147915636,"3653 Pine Ave, Apt 10, Arlington, TX 99483",2023-12-17,Hannah,Male,42
678,Edward Nelson,edward.nelson6597@hotmail.com,+9346208857,,2022-10-12,Bob,Male,49
679,Quincy Anderson,quincy.anderson5196@outlook.com,+9542203667,"4128 Oak St, Springfield, IL 42832",2022-02-07,Bob,Male,38
680,Jasmine Diaz,jasmine.diaz5244@mail.com,+19707928315," 8453 Lakeview Dr, Centerville, TX 67271 ",2023-02-07,George,Female,26
681,Isaac Bailey,isaac.bailey3428@gmail.com,+15187644038,"5736 Sunset Blvd, Georgetown, FL 86913",2020-01-01,Diana,Female,52
683,Unknown,rebecca.kim9534@outlook.com,+4335393207," 9533 Main St, Apt 34, Georgetown, NY 29776 ",2022-07-01,Carlos,Male,59
698,Zoey Wood,zoey.wood2687@aol.com,+5602197899,"7630 Elm St, Apt 67, Fairview, NY 04354",2020-12-30,Frank,Female,22
699,Frank Reed,frank.reed7717@aol.com,+16857043975,"7637 Sunset Blvd, Centerville, NY 24760",2021-06-07,Alice,Female,61
702,Steven Chavez,steven.chavez3059@yahoo.com,+5687198819,"4002 Maple Dr, Riverside, FL 73688",2022-05-12,Diana,Female,49
706,Unknown,charlie.lopez8626@protonmail.com,+5614683910,"6128 Main St, Centerville, IL 87491",2020-05-17,George,Female,47
711,Unknown,hank.reyes6670@yahoo.com,+4568532137,"1880 Elm St, Apt 75, Centerville, TX 57430",2023-06-08,Bob,Male,26
722, Connor Myers ,connor.myers5773@gmail.com,+8538989277,"9778 Oak St, Riverside, FL 13582",2022-03-12,Hannah,Female,60
723,Riley Rodriguez,riley.rodriguez3525@yahoo.com,+5768758296,"5237 Oak St, Apt 80, Greenville, FL 73300",2020-01-01,Carlos,Male,59
725,Xander Wright,xander.wright7832@gmail.com,+5172461886,"3266 Maple Dr, Georgetown, FL 99791",2022-10-20,Carlos,Male,59
729, Tom Scott ,tom.scott5509@outlook.com,+2699253449,"6435 Maple Dr, Georgetown, NY 45687",2022-01-28,Frank,Female,36
734,Bob Jackson,bob.jackson5140@gmail.com,+12522492023,"3880 Elm St, Madison, FL 52754",2021-03-13,Bob,Male,45
744,Yvonne Murphy,yvonne.murphy0765@yahoo.com,+9999205563,"8335 Washington Blvd, Centerville, FL 96672",2021-10-07,Carlos,Male,31
745,Unknown,penelope.kim4854@hotmail.com,+6384862312," 6577 Sunset Blvd, Apt 54, Springfield, TX 76014 ",2021-06-18,George,Female,38
747,Travis Ramos,travis.ramos5096@protonmail.com,+2397584098," 6301 Main St, Madison, NY 07251 ",2020-01-01,Elena,Female,45
750,Frank Stewart,frank.stewart2091@aol.com,+7687262445,,2020-01-01,Hannah,Female,27
751,Kevin Walker,kevin.walker1648@outlook.com,+2138449834,"4948 Elm St, Apt 75, Centerville, TX 00672",2021-09-26,Elena,Female,23
757,Jacob Anderson,jacob.anderson7619@yahoo.com,+18738324833,"7613 Elm St, Arlington, NY 20748",2020-04-20,Alice,Female,37
758,Noah Clark,noah.clark7969@gmail.com,+4854193676,"6686 Cedar Ln, Apt 59, Franklin, NY 76676",2021-11-05,Diana,Female,52
760, Aaron Perez ,aaron.perez5334@protonmail.com,+19945593429," 109 Oak St, Greenville, TX 51699 ",2020-01-01,Frank,Male,37
761,Quincy Foster,quincy.foster8938@mail.com,+14895341065," 7835 Sunset Blvd, Apt 75, Centerville, CA 77621 ",2023-06-13,Bob,Female,29
766,Henry Cooper,henry.cooper9448@protonmail.com,+4454315753,"7738 Pine Ave, Apt 44, Springfield, IL 07180",2023-10-28,Bob,Female,24
776,Ulysses Thompson,ulysses.thompson7976@protonmail.com,+18226887436,"7478 Elm St, Fairview, NY 24831",2022-12-11,George,Female,49
786,Unknown,brianna.cooper1054@outlook.com,+2007474740,,2022-03-18,Diana,Female,55
788,Unknown,kara.roberts3656@gmail.com,+8583082879,,2021-06-12,George,Female,47
796, Alice Hall ,alice.hall3674@outlook.com,+18602548800,,2020-01-01,Diana,Female,47
804,Unknown,emily.hill4879@yahoo.com,+4074075684,,2020-09-21,Diana,Female,47
809, Isaac Patel ,isaac.patel5077@outlook.com,+16757014169,"8801 Maple Dr, Apt 26, Springfield, FL 32399",2020-01-01,Hannah,Female,23
814, Daniel Watson ,daniel.watson0642@hotmail.com,+7154657571,"6567 Main St, Georgetown, NY 95485",2020-01-01,George,Female,44
815,Amber Rogers,amber.rogers3951@protonmail.com,+5239525390," 6227 Washington Blvd, Apt 60, Riverside, FL 26074 ",2022-05-06,Carlos,Male,64
822,Faith Ramirez,faith.ramirez2970@gmail.com,+17017998803," 965 Sunset Blvd, Springfield, FL 99173 ",2021-10-30,Frank,Male,49
826,Ulysses Parker,ulysses.parker8869@hotmail.com,+5743163911,"1901 Hillcrest Ave, Apt 94, Greenville, CA 51851",2020-10-20,Alice,Female,60
827,Ivy Nelson,ivy.nelson7924@hotmail.com,+4516378104,,2020-01-01,Bob,Female,43
831,Riley Phillips,riley.phillips7572@mail.com,+4185755743,"2340 Elm St, Apt 72, Franklin, FL 01302",2022-10-24,Alice,Female,34
832,Delilah Hughes,delilah.hughes0984@aol.com,+6895393572,"1644 Hillcrest Ave, Apt 96, Franklin, IL 44304",2021-11-10,Hannah,Female,41
837,Adrian Perez,adrian.perez6888@hotmail.com,+15447562675,"8458 Washington Blvd, Arlington, CA 55644",2020-12-19,Bob,Female,62
838,Kelly Gray,kelly.gray2021@gmail.com,+18539704255,"9215 Elm St, Centerville, TX 65143",2022-06-27,Bob,Female,39
840,Gloria Bailey,gloria.bailey7102@yahoo.com,+15472752527,"5692 Maple Dr, Clinton, FL 96992",2022-11-30,Alice,Female,43
841, Uma Thomas ,uma.thomas9434@hotmail.com,+9959879427,"7319 Sunset Blvd, Clinton, CA 54884",2023-10-27,Elena,Female,55
847,Violet Moore,violet.moore6898@hotmail.com,+2327634617,"8972 Pine Ave, Fairview, IL 09353",2023-09-09,Elena,Female,58
849,Oscar Mendoza,oscar.mendoza7248@gmail.com,+4905964505,"4658 Oak St, Apt 4, Franklin, TX 20664",2022-03-15,George,Female,47
868, Leo Bailey ,leo.bailey6620@mail.com,+15286043656,"9602 Hillcrest Ave, Madison, TX 13212",2023-11-12,Diana,Female,58
870,Noah Foster,noah.foster6189@outlook.com,+2454182765,"1701 Pine Ave, Clinton, CA 89334",2023-04-29,Carlos,Male,45
871, Beth Foster ,beth.foster2453@gmail.com,+3089604085,"8652 Pine Ave, Clinton, FL 74182",2020-01-01,Diana,Female,52
872,Fiona Gray,fiona.gray0564@yahoo.com,+4896256174,,2020-01-01,Hannah,Female,27
873,Jane Taylor,jane.taylor2718@gmail.com,+2285813527,"9729 Main St, Apt 87, Madison, CA 84604",2020-10-18,Carlos,Male,23
875,John Myers,john.myers9458@hotmail.com,+2143116764," 7881 Main St, Franklin, IL 35688 ",2020-01-01,Bob,Male,49
888,Kevin Jones,kevin.jones3648@outlook.com,+7845318947," 1792 Pine Ave, Arlington, CA 35149 ",2020-01-30,George,Female,27
893, Adrian Cooper ,adrian.cooper2558@gmail.com,+5492682059," 3377 Maple Dr, Fairview, IL 32832 ",2020-04-14,George,Female,54
895,Alice Reed,alice.reed5621@yahoo.com,+15376324920,"5622 Cedar Ln, Greenville, NY 27327",2023-09-07,Frank,Male,33
901, Frank Mendoza ,frank.mendoza1176@yahoo.com,+8943322986,,2021-07-03,Bob,Male,32
904,Noah Wilson,noah.wilson7631@protonmail.com,+6908251629," 151 Sunset Blvd, Apt 88, Riverside, CA 98899 ",2021-04-02,Frank,Female,64
905, Faith Turner ,faith.turner8769@gmail.com,+7576055019,"7132 Pine Ave, Springfield, CA 32674",2020-01-01,Frank,Male,24
908,Unknown,edward.stewart6309@aol.com,+7044094748," 3053 Pine Ave, Georgetown, CA 99031 ",2022-07-14,Diana,Female,31
910,Xander Ramirez,xander.ramirez2859@hotmail.com,+6084662196,"6693 Hillcrest Ave, Clinton, TX 08226",2023-01-08,Hannah,Male,44
912,Kevin Lee,kevin.lee9467@mail.com,+14462997251," 1104 Cedar Ln, Madison, TX 32702 ",2020-01-01,Alice,Female,23
918,Gloria Ramos,gloria.ramos4679@hotmail.com,+12529847382,,2022-09-20,Diana,Female,58
924,Natalie Lopez,natalie.lopez4422@protonmail.com,+8615971065,"5488 Washington Blvd, Greenville, TX 00757",2020-03-30,Frank,Female,45
925,Unknown,nina.scott5125@aol.com,+3226634947,"4609 Hillcrest Ave, Franklin, CA 47490",2020-01-01,Carlos,Male,59
931, Samantha Murphy ,samantha.murphy2073@protonmail.com,+12588307478,"2436 Main St, Arlington, CA 07453",2020-08-22,Bob,Female,32
937,Vanessa Murphy,vanessa.murphy4823@outlook.com,+3557186902," 3417 Lakeview Dr, Centerville, NY 11132 ",2021-04-09,Hannah,Female,22
939,Beth Lewis,beth.lewis9102@protonmail.com,+5413034322," 4612 Oak St, Arlington, CA 34864 ",2022-02-09,Alice,Male,43
941,Marcus Cook,marcus.cook2982@yahoo.com,+5149274333," 1316 Elm St, Apt 24, Madison, IL 34372 ",2020-01-01,Elena,Female,29
944, Isaac Sanders ,isaac.sanders4025@protonmail.com,+14479839701,"8979 Elm St, Apt 40, Franklin, CA 67926",2021-11-16,Elena,Female,58
951,Noah Gomez,noah.gomez8833@protonmail.com,+3146373739,"8832 Cedar Ln, Madison, NY 92466",2020-07-23,Diana,Female,40
955,Grace Patel,grace.patel4875@gmail.com,+5872891936,"1932 Washington Blvd, Madison, NY 14108",2021-05-01,George,Female,46
956,Aaron Castillo,aaron.castillo1741@hotmail.com,+6702546170," 6724 Washington Blvd, Apt 65, Arlington, FL 87823 ",2022-08-21,Frank,Female,63
957,Bob Wright,bob.wright0270@outlook.com,+5026356252,"2932 Washington Blvd, Fairview, FL 58095",2023-04-01,Elena,Female,46
963, Amber Moore ,amber.moore6000@outlook.com,+5436726999,"5637 Lakeview Dr, Riverside, FL 54617",2021-01-19,Carlos,Male,35
967,Quincy Sanders,quincy.sanders9638@mail.com,+3254361048,"1502 Washington Blvd, Apt 11, Clinton, FL 29831",2020-01-01,George,Female,100
973, Brianna Peterson ,brianna.peterson3826@aol.com,+2606335355," 7959 Elm St, Apt 48, Madison, CA 41538 ",2021-04-12,Bob,Female,23
987,Hank Smith,hank.smith6804@yahoo.com,+9975301656,"1356 Cedar Ln, Greenville, NY 92071",2022-12-20,Carlos,Male,51
991,Samantha Kelly,samantha.kelly3185@gmail.com,+7866888672,"4372 Washington Blvd, Madison, TX 62263",2022-06-22,Diana,Female,50
995,Lauren White,lauren.white5578@outlook.com,+7277997939,"6097 Lakeview Dr, Fairview, NY 27969",2022-10-10,Elena,Female,48
1000,Yvonne Young,yvonne.young8635@gmail.com,+3453876657,"4444 Maple Dr, Apt 20, Franklin, NY 11110",2021-07-05,Alice,Female,31
